{
    "0": "",
    "1": {
        "r2_squared": 0.041582838247007814
    },
    "2": {
        "r2_squared": 0.041582838247007814
    }
}