{
    "0": "",
    "1": {
        "r2_squared": 0.041582838247007814
    },
    "2": {
        "r2_squared": 0.041582838247007814
    },
    "3": {
        "r2_squared": 0.8289449144222624
    },
    "4": {
        "r2_squared": 0.8289449144222624
    },
    "5": {
        "r2_squared": 0.010694080556815977
    },
    "6": {
        "r2_squared": 0.010694080556815977
    },
    "7": {
        "r2_squared": 0.010694080556815977
    },
    "8": {
        "r2_squared": 0.010694080556815977
    },
    "9": {
        "r2_squared": 0.010694080556815977
    },
    "10": {
        "r2_squared": 0.8289449144222624
    },
    "11": {
        "r2_squared": 0.8289449144222624
    }
}